WEB_PAGEID,WEBPAGE_TYPE
529871164,news
528604404,news
529110118,news
528770472,news
520702187,movies
520960955,news
521514549,news
527736393,movies
532186661,news
529900976,news
527637437,movies
531526942,news
514698814,news
514292873,news
517416486,news
514443631,news
522987519,news
527617849,news
522948639,news
526604305,news
527042605,news
522394262,news
522573650,news
529332052,news
325181175,news
328114668,news
329419947,news
329905948,news
330663333,news
325332339,news
326708814,news
316036909,news
516540483,news
516685266,movies
479044231,news
478726996,news
511591524,news
511625634,movies
470205694,news
471190227,news
534189736,movies
540063275,news
533072439,news
533447816,news
533137347,news
284521998,news
286604411,news
537569374,news
521266686,news
521714274,news
522051759,news
522058554,news
522165132,news
522180144,news
521769717,news
521770914,news
527137677,news
527468755,news
527319549,news
527166720,news
527684404,news
527714662,news
527418711,news
527752462,news
527195898,news
512331109,news
512639044,news
512924407,movies
513113198,news
475224696,news
516924698,news
516841025,news
516852590,news
516853796,news
359057599,news
359240191,news
360194292,news
359882577,news
362069227,news
362123542,movies
361978291,news
362718728,news
362562484,news
525037655,movies
525570572,news
525154214,news
524970362,news
525545597,news
525679180,news
525820669,news
525119816,news
525953761,news
535255222,news
534760620,news
529549710,movies
533944135,news
538845332,news
538925144,news
534409296,news
539051936,news
3648866802,news
3651999918,news
3654362313,news
3654409878,news
3655155924,news
3655261008,news
3652388019,news
3652396398,news
2276268225,news
2296802676,news
2305939629,news
2309341636,news
2314643331,news
2277326373,news
2286961698,news
2212258363,news
2513403193,news
2514681337,news
2521360044,news
2519178039,news
2534484589,news
2534864794,movies
2533848037,news
2539031096,news
2537937388,news
3689963739,news
3692281285,news
3691236843,news
3690167040,news
3693790828,news
3694002634,news
3691930977,news
3694267234,news
3690371286,news
3675263585,movies
3678994004,news
3676079498,news
3674792534,news
3678819179,news
3679754260,news
3680744683,news
3675838712,news
3681676327,news
3586317763,news
3588473308,news
3590470849,movies
3591792386,news
3326572872,news
3618472886,news
3617887175,news
3617968130,news
3617976572,news
3615783381,news
3616796862,movies
3353309617,news
3351088972,news
3581140668,news
3581379438,movies
3291439858,news
3298331589,news
3709098148,news
3700230828,news
3703770826,news
3701393304,news
3644915309,movies
3646726685,news
3650601843,news
3694154751,movies
3739328152,movies
3780442925,news
3731507073,news
3734134712,news
3731961429,news
1991653986,news
2006230877,news
3762985618,news
3660912633,news
3693324943,news
3660640473,news
3686230135,news
3689298235,news
3656759834,news
3658015550,news
3705324364,news
3746786554,news
3743324340,news
3706847970,movies
3737608945,news
3771917324,news
3772476008,news
3740865072,news
3773363552,news
3725306627,news
3709306832,news
3693462059,movies
3720688594,news
3602891698,news
3600050111,news
3621915402,news
3601105417,news
